word,freq
denomina,445.0
sobre,436.0
ruas,432.0
novas,417.0
concede,244.0
cidade,230.0
rua,170.0
lei,164.0
institui,158.0
campinense,138.0
título,134.0
josé,115.0
medalha,110.0
silva,110.0
obrigatoriedade,109.0
público,107.0
altera,105.0
fica,104.0
mérito,100.0
pública,98.0
honra,97.0
cidadão,88.0
nome,84.0
autoriza,83.0
forma,80.0
âmbito,76.0
programa,74.0
especifica,73.0
denominada,69.0
bairro,67.0
criação,65.0
lima,61.0
maria,61.0
rede,59.0
cria,58.0
públicos,56.0
ensino,55.0
joão,53.0
estabelece,52.0
artigo,48.0
dia,48.0
art,47.0
cidadania,45.0
redação,45.0
logradouro,44.0
reconhece,43.0
cunha,42.0
pereira,42.0
ser,42.0
utilidade,42.0
saúde,41.0
câmara,40.0
instalação,40.0
poder,40.0
escolas,39.0
oliveira,38.0
social,38.0
praça,37.0
professor,37.0
complementar,36.0
concessão,36.0
executivo,36.0
menciona,36.0
pessoas,36.0
santos,36.0
públicas,35.0
ronaldo,35.0
uso,34.0
antonio,33.0
araújo,33.0
dezembro,33.0
conjunto,32.0
municipais,32.0
determina,31.0
francisco,31.0
serviços,31.0
grandepb,30.0
imóvel,30.0
bem,29.0
deficiência,29.0
estabelecimentos,29.0
nova,29.0
semana,29.0
transporte,29.0
barbosa,28.0
denominado,28.0
distrito,28.0
serviço,28.0
almeida,27.0
gomes,27.0
manoel,27.0
servidores,27.0
souza,27.0
calendário,26.0
centro,26.0
costa,26.0
ferreira,26.0
senhor,26.0
associação,25.0
oficial,25.0
abril,24.0
anos,24.0
escolar,24.0
melo,24.0
proibição,24.0
projeto,24.0
sistema,24.0
veículos,24.0
construída,23.0
doação,23.0
realização,23.0
severino,23.0
sousa,23.0
acrescenta,22.0
alves,22.0
denominação,22.0
eventos,22.0
instituição,22.0
pastor,22.0
política,22.0
prevenção,22.0
segurança,22.0
condição,21.0
desafeta,21.0
escola,21.0
exercício,21.0
filho,21.0
campos,20.0
casa,20.0
comenda,20.0
empresas,20.0
inalienável,20.0
inciso,20.0
inclusão,20.0
ônibus,20.0
qualquer,20.0
assistência,19.0
bezerra,19.0
cabral,19.0
cultural,19.0
educação,19.0
plano,19.0
rodrigues,19.0
coletivo,18.0
creche,18.0
prefeitura,18.0
administração,17.0
área,17.0
crianças,17.0
desenvolvimento,17.0
dias,17.0
diretrizes,17.0
farias,17.0
jornalista,17.0
modifica,17.0
portadores,17.0
ribeiro,17.0
complexo,16.0
fixa,16.0
galante,16.0
instituições,16.0
isenção,16.0
locais,16.0
pagamento,16.0
pedro,16.0
serem,16.0
torna,16.0
acesso,15.0
atendimento,15.0
combate,15.0
contra,15.0
dantas,15.0
eou,15.0
guimarães,15.0
idosos,15.0
imóveis,15.0
instituto,15.0
iptu,15.0
luiz,15.0
paraíba,15.0
poeta,15.0
projetada,15.0
revoga,15.0
todos,15.0
unidades,15.0
alunos,14.0
apoio,14.0
brito,14.0
carlos,14.0
conselho,14.0
construção,14.0
dispositivos,14.0
fernandes,14.0
incentivo,14.0
interno,14.0
regimento,14.0
violência,14.0
comerciais,13.0
equipamentos,13.0
janeiro,13.0
neves,13.0
obras,13.0
parte,13.0
paulo,13.0
regulamenta,13.0
similares,13.0
três,13.0
avenida,12.0
cargos,12.0
casas,12.0
construídas,12.0
creches,12.0
especial,12.0
funcionamento,12.0
interesse,12.0
localizada,12.0
obrigatória,12.0
patrimônio,12.0
portal,12.0
profissionais,12.0
quadra,12.0
sesquicentenário,12.0
trânsito,12.0
agosto,11.0
antônio,11.0
cantor,11.0
cobrança,11.0
código,11.0
coleta,11.0
conceder,11.0
criar,11.0
doutor,11.0
efetivos,11.0
especiais,11.0
faz,11.0
fins,11.0
fiscais,11.0
física,11.0
fundamental,11.0
habitacional,11.0
industrial,11.0
lopes,11.0
meio,11.0
mulheres,11.0
nacional,11.0
novo,11.0
outros,11.0
parágrafo,11.0
pessoa,11.0
restaurantes,11.0
secretaria,11.0
silveira,11.0
sudoeste,11.0
supermercados,11.0
tavares,11.0
trabalho,11.0
transportes,11.0
urbano,11.0
valor,11.0
vencimentos,11.0
vias,11.0
água,10.0
albuquerque,10.0
andrade,10.0
ano,10.0
artigos,10.0
através,10.0
barros,10.0
cavalcante,10.0
coletivos,10.0
comissão,10.0
crédito,10.0
cultura,10.0
estacionamento,10.0
federal,10.0
freire,10.0
imposto,10.0
júnior,10.0
lixo,10.0
logradouros,10.0
maio,10.0
mata,10.0
medeiros,10.0
menezes,10.0
mínimo,10.0
parque,10.0
particular,10.0
período,10.0
ramos,10.0
salário,10.0
sessenta,10.0
soares,10.0
taxa,10.0
unidade,10.0
vagas,10.0
visual,10.0
acordo,9.0
agentes,9.0
bares,9.0
batista,9.0
cãmara,9.0
central,9.0
comunitária,9.0
criança,9.0
declara,9.0
desta,9.0
escritor,9.0
espaços,9.0
figueiredo,9.0
fundo,9.0
idoso,9.0
informação,9.0
leite,9.0
licença,9.0
lucena,9.0
maior,9.0
mário,9.0
mobilidade,9.0
música,9.0
nunes,9.0
portadoras,9.0
povo,9.0
praças,9.0
produtos,9.0
professora,9.0
proíbe,9.0
realizar,9.0
recursos,9.0
serra,9.0
suassuna,9.0
subvenção,9.0
territorial,9.0
único,9.0
vereador,9.0
viaduto,9.0
agências,8.0
agra,8.0
alimentos,8.0
alto,8.0
aluízio,8.0
áreas,8.0
biblioteca,8.0
cavalcanti,8.0
cento,8.0
comerciante,8.0
condições,8.0
conscientização,8.0
correia,8.0
demais,8.0
dependências,8.0
deste,8.0
disciplina,8.0
dispositivo,8.0
durante,8.0
eletrônico,8.0
espaço,8.0
esporte,8.0
fábio,8.0
festival,8.0
fiscal,8.0
francisca,8.0
funcionários,8.0
fundação,8.0
gratuidade,8.0
igreja,8.0
ilmo,8.0
implantação,8.0
inclui,8.0
irmãs,8.0
lira,8.0
loteamento,8.0
maia,8.0
março,8.0
moura,8.0
nascimento,8.0
neto,8.0
normas,8.0
obriga,8.0
órgãos,8.0
passageiros,8.0
pinto,8.0
placas,8.0
rádio,8.0
resolução,8.0
seobre,8.0
sociais,8.0
teixeira,8.0
tratamento,8.0
utlidade,8.0
vasconcelos,8.0
vida,8.0
xavier,8.0
acessibilidade,7.0
ações,7.0
adicional,7.0
adolescentes,7.0
alça,7.0
aluísio,7.0
amorim,7.0
animais,7.0
anual,7.0
apresentação,7.0
bancárias,7.0
benedito,7.0
bombeiros,7.0
caixas,7.0
calçadas,7.0
campanha,7.0
clube,7.0
comercialização,7.0
comunitários,7.0
concursos,7.0
conjuntos,7.0
consumidor,7.0
cruzeiro,7.0
direta,7.0
edifícios,7.0
emissão,7.0
empresário,7.0
evangélica,7.0
exames,7.0
félix,7.0
fernando,7.0
fevereiro,7.0
futebol,7.0
hipermercados,7.0
hospitais,7.0
idade,7.0
iii,7.0
incisos,7.0
internet,7.0
josefa,7.0
junho,7.0
lazer,7.0
liberdade,7.0
malvinas,7.0
martins,7.0
medicamentos,7.0
necessidades,7.0
neste,7.0
obrigatório,7.0
orgânica,7.0
padre,7.0
pensionistas,7.0
permuta,7.0
prefeito,7.0
presença,7.0
privadas,7.0
privados,7.0
promoção,7.0
próxima,7.0
radialista,7.0
reajuste,7.0
roberto,7.0
rocha,7.0
setembro,7.0
tempo,7.0
transferência,7.0
tributário,7.0
vicente,7.0
abastecimento,6.0
academias,6.0
agência,6.0
águas,6.0
alberto,6.0
ambiente,6.0
ana,6.0
araujo,6.0
ariano,6.0
arte,6.0
assis,6.0
básica,6.0
básico,6.0
bens,6.0
borborema,6.0
centros,6.0
cícero,6.0
comunidade,6.0
construído,6.0
consumo,6.0
conteúdo,6.0
deficientes,6.0
define,6.0
disponibilização,6.0
distribuição,6.0
doméstica,6.0
elétrica,6.0
empresa,6.0
energia,6.0
entrada,6.0
esportes,6.0
estudantes,6.0
estudantil,6.0
fornecimento,6.0
freitas,6.0
gestantes,6.0
gestão,6.0
gratuita,6.0
guedes,6.0
habitacionais,6.0
hora,6.0
imaterial,6.0
informações,6.0
julho,6.0
leis,6.0
leitura,6.0
local,6.0
lourdes,6.0
mães,6.0
magistério,6.0
manutenção,6.0
mês,6.0
mica,6.0
monteiro,6.0
mulher,6.0
mundo,6.0
nomes,6.0
outorga,6.0
outubro,6.0
pacientes,6.0
painel,6.0
parada,6.0
partir,6.0
permanente,6.0
pinheiro,6.0
placa,6.0
postos,6.0
predial,6.0
primeiro,6.0
privada,6.0
professores,6.0
profissional,6.0
projetos,6.0
propriedade,6.0
proteção,6.0
realizado,6.0
recuperação,6.0
representação,6.0
reserva,6.0
residencial,6.0
resíduos,6.0
saude,6.0
servidor,6.0
sra,6.0
tecnologia,6.0
todas,6.0
turístico,6.0
usuários,6.0
utilizados,6.0
valores,6.0
vieira,6.0
acompanhamento,5.0
afonso,5.0
agente,5.0
andares,5.0
aparelhos,5.0
argemiro,5.0
árvores,5.0
autorização,5.0
bairros,5.0
banco,5.0
bandeira,5.0
banheiros,5.0
cada,5.0
cadastro,5.0
câncer,5.0
castro,5.0
césar,5.0
cidadã,5.0
cinco,5.0
clientes,5.0
coelho,5.0
comissões,5.0
concurso,5.0
congêneres,5.0
consciência,5.0
controle,5.0
cordeiro,5.0
coronel,5.0
cruz,5.0
cumprimento,5.0
curso,5.0
deficiente,5.0
deputado,5.0
desconto,5.0
desembarque,5.0
dez,5.0
dona,5.0
edificações,5.0
edson,5.0
elevadores,5.0
emissoras,5.0
endemias,5.0
enfermagem,5.0
específica,5.0
esportivos,5.0
estacionamentos,5.0
estatuto,5.0
estrutura,5.0
evento,5.0
exploração,5.0
família,5.0
farmácias,5.0
favor,5.0
fixação,5.0
gilberto,5.0
gonçalves,5.0
gonzaga,5.0
habitação,5.0
henrique,5.0
inativos,5.0
inaugurado,5.0
incentivos,5.0
incluir,5.0
instaladas,5.0
ivan,5.0
jardim,5.0
legislativa,5.0
livre,5.0
localizados,5.0
major,5.0
matriculados,5.0
médico,5.0
monitoramento,5.0
moradores,5.0
mota,5.0
natureza,5.0
nóbrega,5.0
novembro,5.0
onde,5.0
oneroso,5.0
orçamento,5.0
particulares,5.0
penalidades,5.0
piso,5.0
políticas,5.0
pontos,5.0
prédios,5.0
presidente,5.0
previdência,5.0
primeiros,5.0
qualidade,5.0
qualificação,5.0
reajustar,5.0
regulamentação,5.0
rita,5.0
rodas,5.0
salarial,5.0
secretários,5.0
sexual,5.0
sinalização,5.0
socorros,5.0
subvenções,5.0
tarifa,5.0
técnico,5.0
urbana,5.0
urbanos,5.0
utilização,5.0
vacinação,5.0
valorização,5.0
veloso,5.0
vencimento,5.0
verde,5.0
vereadores,5.0
vinte,5.0
visando,5.0
zona,5.0
abertura,4.0
acidentes,4.0
açude,4.0
adaptados,4.0
adoção,4.0
afixação,4.0
aguiar,4.0
álcool,4.0
alcoólicas,4.0
ambiental,4.0
aplicação,4.0
aprova,4.0
artes,4.0
artísticos,4.0
assuntos,4.0
ativos,4.0
atos,4.0
azevedo,4.0
azul,4.0
bancos,4.0
benevides,4.0
bodocongó,4.0
borges,4.0
braga,4.0
cadeiras,4.0
calçados,4.0
campo,4.0
capacitação,4.0
capítulo,4.0
carentes,4.0
carreira,4.0
carvalho,4.0
centers,4.0
chagas,4.0
chefe,4.0
circulação,4.0
combustíveis,4.0
compositor,4.0
compreende,4.0
conceição,4.0
concentração,4.0
concessionárias,4.0
contratação,4.0
convidados,4.0
cristã,4.0
custo,4.0
data,4.0
defesa,4.0
descarte,4.0
desembargador,4.0
diagnóstico,4.0
direito,4.0
direitos,4.0
disponibilizarem,4.0
domésticos,4.0
domiciliar,4.0
econômicoamde,4.0
educacional,4.0
elege,4.0
eletrônicos,4.0
embarque,4.0
emprego,4.0
escolares,4.0
estado,4.0
exclusivo,4.0
existência,4.0
feira,4.0
físico,4.0
físicos,4.0
geraldo,4.0
globais,4.0
gouveia,4.0
grupo,4.0
horário,4.0
hospital,4.0
hospitalares,4.0
identidade,4.0
identificação,4.0
inácio,4.0
indireta,4.0
infantil,4.0
informática,4.0
informativas,4.0
instituir,4.0
integração,4.0
interior,4.0
internacional,4.0
joana,4.0
joaquim,4.0
jóbedis,4.0
junto,4.0
leste,4.0
linhas,4.0
localizado,4.0
luís,4.0
luzia,4.0
macêdo,4.0
magno,4.0
maracajá,4.0
marcos,4.0
marques,4.0
médio,4.0
memória,4.0
mental,4.0
mercados,4.0
merenda,4.0
mesmos,4.0
morais,4.0
mosquito,4.0
multa,4.0
napoleão,4.0
novos,4.0
número,4.0
obrigação,4.0
orçamentárias,4.0
órgão,4.0
outra,4.0
pais,4.0
par,4.0
pastores,4.0
peixoto,4.0
permanentes,4.0
pires,4.0
pluviais,4.0
pmcg,4.0
pontes,4.0
popular,4.0
prestação,4.0
primeira,4.0
privado,4.0
procon,4.0
proprietário,4.0
próximo,4.0
publicidade,4.0
quadro,4.0
queiroz,4.0
raimundo,4.0
realizadas,4.0
recémnascidos,4.0
recipientes,4.0
regional,4.0
registro,4.0
regras,4.0
regularmente,4.0
residenciais,4.0
responsável,4.0
rômulo,4.0
roteiro,4.0
saneamento,4.0
sangue,4.0
sebastião,4.0
semáforos,4.0
senador,4.0
sesquicentenária,4.0
severina,4.0
shopping,4.0
shows,4.0
situação,4.0
sobrinho,4.0
souto,4.0
sustentável,4.0
taxas,4.0
táxis,4.0
terminal,4.0
todo,4.0
tratar,4.0
turismo,4.0
umas,4.0
união,4.0
validade,4.0
vereadora,4.0
vila,4.0
vítimas,4.0
abrigos,3.0
acima,3.0
adauto,3.0
adequação,3.0
adolescente,3.0
adriana,3.0
aedes,3.0
aegypti,3.0
alexandre,3.0
alice,3.0
alimentação,3.0
alimentar,3.0
alvará,3.0
álvaro,3.0
amélia,3.0
ampliação,3.0
andré,3.0
anualmente,3.0
anúncios,3.0
após,3.0
aprovação,3.0
artista,3.0
atenção,3.0
atender,3.0
atividades,3.0
atletas,3.0
ato,3.0
auditiva,3.0
auditivos,3.0
autistas,3.0
automático,3.0
autorizados,3.0
avenidas,3.0
baixa,3.0
bancários,3.0
bandas,3.0
básicas,3.0
bebida,3.0
bebidas,3.0
beltrão,3.0
benício,3.0
bicicletários,3.0
braile,3.0
brandão,3.0
brasileira,3.0
brasileiro,3.0
cadastrados,3.0
caetano,3.0
caixa,3.0
cargo,3.0
carrinhos,3.0
casos,3.0
cegos,3.0
centenário,3.0
cestos,3.0
céu,3.0
cie,3.0
cinematográficas,3.0
clínicas,3.0
comandante,3.0
comemoração,3.0
comemorado,3.0
complementares,3.0
composição,3.0
compreendidos,3.0
comprovadamente,3.0
comunicação,3.0
comunitário,3.0
concessionária,3.0
congregacional,3.0
contratar,3.0
contribuição,3.0
criado,3.0
critérios,3.0
crônica,3.0
culturais,3.0
cursos,3.0
dados,3.0
daniel,3.0
débitos,3.0
delimitação,3.0
dentro,3.0
dependência,3.0
destinação,3.0
destinada,3.0
determinar,3.0
diária,3.0
diniz,3.0
discriminação,3.0
disponibilizar,3.0
disque,3.0
divulgarem,3.0
documentos,3.0
doutora,3.0
drogarias,3.0
econômica,3.0
embalagens,3.0
empregos,3.0
engenharia,3.0
engenheiro,3.0
entrega,3.0
equipes,3.0
especifíca,3.0
espetáculos,3.0
esportivas,3.0
estabelecendo,3.0
estadual,3.0
etária,3.0
exame,3.0
exigência,3.0
faixa,3.0
faixas,3.0
familiar,3.0
feiras,3.0
felipe,3.0
fim,3.0
fimus,3.0
financeiras,3.0
fleury,3.0
folga,3.0
formação,3.0
frança,3.0
frederico,3.0
frente,3.0
funcional,3.0
gadelha,3.0
genival,3.0
geral,3.0
gilson,3.0
governamentais,3.0
grandeparaíba,3.0
grane,3.0
gratificação,3.0
hermano,3.0
hilton,3.0
hino,3.0
história,3.0
histórico,3.0
homenagem,3.0
homens,3.0
honorária,3.0
horas,3.0
idosas,3.0
igual,3.0
iluminação,3.0
implantar,3.0
implementação,3.0
inaugurações,3.0
incetivos,3.0
informativo,3.0
iniciação,3.0
iniciativa,3.0
inominado,3.0
inominados,3.0
inscrição,3.0
instalações,3.0
instalarem,3.0
institucional,3.0
integrada,3.0
integral,3.0
inverno,3.0
irmã,3.0
iss,3.0
ivonete,3.0
jornada,3.0
josué,3.0
judiciário,3.0
jurídica,3.0
lado,3.0
legislação,3.0
legislativo,3.0
lemos,3.0
letivo,3.0
licenciamento,3.0
limpa,3.0
linear,3.0
lúcio,3.0
ludgério,3.0
luta,3.0
macas,3.0
mamedes,3.0
manifestações,3.0
manterem,3.0
marcelino,3.0
materiais,3.0
material,3.0
maternidades,3.0
médica,3.0
meia,3.0
memorial,3.0
mendonça,3.0
menores,3.0
mídia,3.0
militar,3.0
militares,3.0
milton,3.0
moda,3.0
moreira,3.0
morten,3.0
motoristas,3.0
móveis,3.0
multas,3.0
necessidade,3.0
nelson,3.0
nesta,3.0
nilton,3.0
nogueira,3.0
normatiza,3.0
obra,3.0
ordinária,3.0
organizações,3.0
oscar,3.0
osvaldo,3.0
pacheco,3.0
página,3.0
palmeira,3.0
parágrafos,3.0
participação,3.0
parto,3.0
passagem,3.0
passe,3.0
pavimentação,3.0
pensões,3.0
pequeno,3.0
periculosidade,3.0
periódica,3.0
permissão,3.0
pessoal,3.0
pichações,3.0
plenário,3.0
ponto,3.0
portador,3.0
post,3.0
postes,3.0
prática,3.0
prazo,3.0
prestadoras,3.0
preto,3.0
principal,3.0
programas,3.0
próprio,3.0
proventos,3.0
providencias,3.0
proximidades,3.0
química,3.0
químico,3.0
racional,3.0
ramiro,3.0
reabilitação,3.0
realizada,3.0
receberem,3.0
receita,3.0
recreação,3.0
reduzida,3.0
regime,3.0
régis,3.0
registros,3.0
regularização,3.0
reinserção,3.0
remuneração,3.0
renda,3.0
renovação,3.0
responsáveis,3.0
reverendo,3.0
risco,3.0
rodoviário,3.0
rosa,3.0
sabino,3.0
sales,3.0
samu,3.0
sanitário,3.0
seção,3.0
sede,3.0
seis,3.0
selo,3.0
senhora,3.0
sessão,3.0
shaolin,3.0
shoppings,3.0
sindicato,3.0
situada,3.0
sociedade,3.0
socorro,3.0
solenidades,3.0
substituição,3.0
suely,3.0
superior,3.0
sylvestre,3.0
tenente,3.0
terezinha,3.0
termos,3.0
tipo,3.0
torres,3.0
trabalhador,3.0
trabalhadores,3.0
transmissão,3.0
transtornos,3.0
trata,3.0
treze,3.0
trinta,3.0
ubsf,3.0
upa,3.0
urbanização,3.0
valmir,3.0
velho,3.0
venda,3.0
veterinário,3.0
viabilização,3.0
victor,3.0
vigilantes,3.0
vilar,3.0
visível,3.0
zélia,3.0
aacd,2.0
abandonar,2.0
abdias,2.0
aberto,2.0
abuso,2.0
acompanhante,2.0
acrescentalhe,2.0
açucar,2.0
adalberto,2.0
adaptação,2.0
adequados,2.0
adjuntos,2.0
administrativas,2.0
adote,2.0
advogado,2.0
aécio,2.0
aferição,2.0
afins,2.0
afixarem,2.0
agassiz,2.0
agenor,2.0
aguinaldo,2.0
alcoólica,2.0
alerta,2.0
alfredo,2.0
alicio,2.0
alínea,2.0
alíneas,2.0
alíquota,2.0
alterações,2.0
alterado,2.0
alternativo,2.0
altura,2.0
aluisio,2.0
aluíso,2.0
aluizio,2.0
aluno,2.0
alusivo,2.0
amador,2.0
ambulâncias,2.0
amde,2.0
amiga,2.0
amortização,2.0
anexo,2.0
animal,2.0
aniversário,2.0
antonia,2.0
apacg,2.0
aparelho,2.0
apenas,2.0
aplicadas,2.0
apolônio,2.0
aposentados,2.0
arbóreo,2.0
aristides,2.0
artesão,2.0
artesianos,2.0
arthur,2.0
artístico,2.0
arts,2.0
asfora,2.0
assegura,2.0
assembleia,2.0
assento,2.0
assessor,2.0
assim,2.0
assistencial,2.0
atacadistas,2.0
ataíde,2.0
atalmir,2.0
atividade,2.0
atuam,2.0
atuarial,2.0
automotores,2.0
autores,2.0
avaliação,2.0
aviso,2.0
bandeiras,2.0
banheiro,2.0
barboza,2.0
barragem,2.0
batalhão,2.0
belarmino,2.0
bemestar,2.0
beneficientes,2.0
benefícios,2.0
biliu,2.0
biografia,2.0
biomédica,2.0
biró,2.0
boates,2.0
bocas,2.0
botânico,2.0
braille,2.0
brasil,2.0
bruno,2.0
bud,2.0
caçambas,2.0
cadastramento,2.0
calixto,2.0
call,2.0
calvário,2.0
camelo,2.0
câmeras,2.0
campanhas,2.0
campinenses,2.0
candidatos,2.0
cândido,2.0
canteiro,2.0
capacitar,2.0
cardoso,2.0
carga,2.0
caridade,2.0
cariri,2.0
carmo,2.0
carnaval,2.0
carneiro,2.0
carolino,2.0
cartão,2.0
cartaz,2.0
carteira,2.0
cartões,2.0
caso,2.0
cecília,2.0
cemitérios,2.0
center,2.0
centrac,2.0
certidão,2.0
certificação,2.0
certificado,2.0
cesar,2.0
cessão,2.0
chama,2.0
chanda,2.0
chaves,2.0
ciclomotores,2.0
cidades,2.0
cientista,2.0
cimplementar,2.0
cinquenta,2.0
cirilo,2.0
civis,2.0
clemente,2.0
clemídia,2.0
clínica,2.0
clubes,2.0
coêlho,2.0
coletoras,2.0
coletores,2.0
colinas,2.0
colo,2.0
colocação,2.0
combustível,2.0
começou,2.0
comida,2.0
compelmentar,2.0
complementação,2.0
compras,2.0
comunitárias,2.0
condomínios,2.0
conexão,2.0
confecçõe,2.0
conforme,2.0
conhecimento,2.0
conselhos,2.0
consolida,2.0
constar,2.0
construida,2.0
consultas,2.0
consumidores,2.0
contas,2.0
contendo,2.0
conteúdos,2.0
contrapartida,2.0
convivência,2.0
coração,2.0
correspondentes,2.0
coutinho,2.0
couvert,2.0
criador,2.0
crime,2.0
cristo,2.0
cuidadores,2.0
curricular,2.0
custeio,2.0
darí,2.0
davi,2.0
débito,2.0
decreta,2.0
dedé,2.0
dedetização,2.0
déficit,2.0
definitiva,2.0
delegado,2.0
dengue,2.0
dependente,2.0
dependentes,2.0
descartáveis,2.0
descartável,2.0
desfibrilador,2.0
despesa,2.0
destaque,2.0
destinado,2.0
destinados,2.0
determinado,2.0
deus,2.0
devidamente,2.0
didáticos,2.0
difusos,2.0
dinamérica,2.0
dinheiro,2.0
diomar,2.0
diplomas,2.0
dispensa,2.0
disponibilidade,2.0
disponibilizam,2.0
disposição,2.0
divulgação,2.0
doador,2.0
doadores,2.0
doença,2.0
domingos,2.0
doulas,2.0
drogas,2.0
duarte,2.0
dulce,2.0
econômico,2.0
editorial,2.0
educacionais,2.0
educador,2.0
educativas,2.0
educativos,2.0
edvaldo,2.0
efetivo,2.0
efetuarem,2.0
egito,2.0
eletrônica,2.0
emílio,2.0
empreendimento,2.0
empreendimentos,2.0
empresarial,2.0
encontro,2.0
enfermeira,2.0
enfermeiros,2.0
entidade,2.0
entidades,2.0
entorno,2.0
entradas,2.0
entulhos,2.0
epaminondas,2.0
equipamento,2.0
equipe,2.0
escoamento,2.0
especializado,2.0
esposas,2.0
estabeleçam,2.0
estabelecido,2.0
estádio,2.0
estar,2.0
estima,2.0
estudante,2.0
estudo,2.0
etanol,2.0
eurídice,2.0
evangélicos,2.0
evangelização,2.0
excepcional,2.0
execução,2.0
exibição,2.0
exibições,2.0
exigências,2.0
existente,2.0
exmo,2.0
exposições,2.0
externo,2.0
fachada,2.0
fala,2.0
falcão,2.0
famílias,2.0
faustino,2.0
federalcefpac,2.0
feito,2.0
feriado,2.0
ferreia,2.0
ficam,2.0
filhos,2.0
finais,2.0
final,2.0
finalidade,2.0
financiamento,2.0
firmino,2.0
físicas,2.0
fisioterapia,2.0
fixar,2.0
flávio,2.0
florentino,2.0
floriano,2.0
foco,2.0
fornecidos,2.0
forró,2.0
francinete,2.0
frei,2.0
frota,2.0
função,2.0
funções,2.0
gabinete,2.0
garantia,2.0
gás,2.0
gav,2.0
gel,2.0
geni,2.0
gerais,2.0
gerson,2.0
gestante,2.0
gestor,2.0
gestores,2.0
glória,2.0
gome,2.0
guerreiro,2.0
guia,2.0
helder,2.0
henriques,2.0
henry,2.0
heraldo,2.0
herculano,2.0
higiene,2.0
higienização,2.0
holanda,2.0
horácio,2.0
horária,2.0
horários,2.0
horizonte,2.0
horto,2.0
humor,2.0
imediato,2.0
imobiliário,2.0
implementar,2.0
impressos,2.0
inclusiva,2.0
inclusivo,2.0
individual,2.0
inentivos,2.0
infância,2.0
informando,2.0
infraestrutura,2.0
inicio,2.0
início,2.0
inserção,2.0
instalados,2.0
integrado,2.0
intérprete,2.0
ipês,2.0
iracema,2.0
irene,2.0
irmão,2.0
itinerante,2.0
ivanildo,2.0
jardins,2.0
jesus,2.0
jobão,2.0
jogos,2.0
jorge,2.0
jornal,2.0
jose,2.0
josimar,2.0
jovem,2.0
jovéns,2.0
jozenilton,2.0
judiciais,2.0
juiz,2.0
jurídicas,2.0
jurídico,2.0
justiça,2.0
juventude,2.0
korem,2.0
lagoa,2.0
laura,2.0
legais,2.0
líder,2.0
limeira,2.0
lindalva,2.0
língua,2.0
livreiro,2.0
livres,2.0
livros,2.0
locação,2.0
locadoras,2.0
locados,2.0
localização,2.0
localizadas,2.0
lojas,2.0
lote,2.0
lucas,2.0
luciano,2.0
luiza,2.0
macedo,2.0
macropólo,2.0
mamografia,2.0
mandela,2.0
manuel,2.0
marçal,2.0
marcolino,2.0
marechal,2.0
margarida,2.0
marinês,2.0
marinho,2.0
matérias,2.0
maura,2.0
maus,2.0
mediante,2.0
médicos,2.0
medidas,2.0
meiaentrada,2.0
meireles,2.0
melhor,2.0
mello,2.0
mendes,2.0
meses,2.0
metal,2.0
metas,2.0
miguel,2.0
ministro,2.0
miro,2.0
moacir,2.0
mobiliário,2.0
moradia,2.0
moraes,2.0
motivo,2.0
mototaxistas,2.0
motta,2.0
movimento,2.0
muncípio,2.0
musicais,2.0
musical,2.0
músicas,2.0
natal,2.0
natalino,2.0
natural,2.0
naturezaissqn,2.0
néris,2.0
niemeyer,2.0
nível,2.0
noções,2.0
noite,2.0
núcleo,2.0
nutricionais,2.0
nutricional,2.0
obesidade,2.0
observadas,2.0
ocupacional,2.0
oficiais,2.0
oficinas,2.0
olimpíada,2.0
olinda,2.0
ong,2.0
orbigatoriedade,2.0
organizacional,2.0
orientação,2.0
orlando,2.0
orquestras,2.0
outro,2.0
padres,2.0
paiva,2.0
papel,2.0
paraíbaassemp,2.0
paraibanas,2.0
paraibanos,2.0
parcelamento,2.0
parcial,2.0
parques,2.0
pastelarias,2.0
paula,2.0
paulino,2.0
pavimento,2.0
paz,2.0
peças,2.0
pedrosa,2.0
percentual,2.0
perigosos,2.0
permita,2.0
personal,2.0
pertencente,2.0
pizzarias,2.0
poços,2.0
poetas,2.0
polícia,2.0
policiais,2.0
policlínica,2.0
população,2.0
porte,2.0
porto,2.0
posto,2.0
precoce,2.0
preconceito,2.0
préhospitalar,2.0
preservação,2.0
prestadores,2.0
prestem,2.0
prévia,2.0
principais,2.0
procedimentos,2.0
processamento,2.0
processo,2.0
processos,2.0
produção,2.0
produto,2.0
programação,2.0
proibido,2.0
pronto,2.0
propagação,2.0
proporcional,2.0
proprietários,2.0
publicação,2.0
qualificado,2.0
quaresma,2.0
queima,2.0
químicos,2.0
quintos,2.0
quirino,2.0
quórum,2.0
racial,2.0
racismo,2.0
radiodifusão,2.0
rafael,2.0
real,2.0
realizados,2.0
realizem,2.0
reaproveitamento,2.0
reciclagem,2.0
reciclável,2.0
reconhecimento,2.0
redes,2.0
referência,2.0
reforma,2.0
régia,2.0
região,2.0
rêgo,2.0
regulamentadas,2.0
regulamentado,2.0
regulamentados,2.0
reis,2.0
relaciona,2.0
remoção,2.0
repartições,2.0
resende,2.0
reservatórios,2.0
residência,2.0
residências,2.0
respectivamente,2.0
responsabilidade,2.0
retenção,2.0
reutilização,2.0
revisão,2.0
ricardo,2.0
rolihlahla,2.0
rubéns,2.0
rural,2.0
salviano,2.0
sanitários,2.0
santana,2.0
saulo,2.0
sebastiana,2.0
segunda,2.0
segundo,2.0
seleção,2.0
seletiva,2.0
sementeira,2.0
semiurbanos,2.0
serafim,2.0
sessões,2.0
silvino,2.0
simões,2.0
sinais,2.0
sitema,2.0
sob,2.0
sociaisuces,2.0
sócio,2.0
sociólogo,2.0
solar,2.0
solidarium,2.0
sólidos,2.0
solo,2.0
som,2.0
sorriso,2.0
subsídios,2.0
tadeu,2.0
targino,2.0
tarifas,2.0
tátil,2.0
teatrais,2.0
teatro,2.0
teatros,2.0
técnica,2.0
técnicos,2.0
tecnológico,2.0
tecnológicos,2.0
teleatendimento,2.0
temporária,2.0
temporárias,2.0
terapia,2.0
terceira,2.0
terreno,2.0
testes,2.0
tgd,2.0
tiago,2.0
times,2.0
toda,2.0
tombamento,2.0
total,2.0
trainer,2.0
trajano,2.0
transparência,2.0
transportem,2.0
tratamentos,2.0
tratos,2.0
troca,2.0
tudo,2.0
tutelares,2.0
ubs,2.0
unificados,2.0
universidade,2.0
usuário,2.0
utlização,2.0
vale,2.0
vanildo,2.0
vaso,2.0
vavá,2.0
veículo,2.0
veiga,2.0
velame,2.0
via,2.0
viceprefeito,2.0
vigor,2.0
viii,2.0
villarim,2.0
vinacc,2.0
visão,2.0
visuais,2.0
vitória,2.0
vocal,2.0
wallig,2.0
wellington,2.0
wright,2.0
xii,2.0
zito,2.0
abandonados,1.0
abandono,1.0
abelha,1.0
abelhas,1.0
aberta,1.0
abertas,1.0
abigail,1.0
abinoam,1.0
abrir,1.0
abusiva,1.0
acácia,1.0
academia,1.0
acadêmicos,1.0
ação,1.0
açãoampla,1.0
aceitação,1.0
aceitarem,1.0
aceleração,1.0
acervo,1.0
acessos,1.0
acolhida,1.0
acompanhantes,1.0
acondicionamento,1.0
acpa,1.0
acrecenta,1.0
acresce,1.0
acrescentando,1.0
acrescentar,1.0
acumular,1.0
acúmulo,1.0
adaptado,1.0
ademar,1.0
adequado,1.0
adequedas,1.0
adhemar,1.0
adilson,1.0
administrado,1.0
administradores,1.0
administrados,1.0
administrativo,1.0
adminsitrativas,1.0
adminstrador,1.0
adota,1.0
adotados,1.0
adquiridos,1.0
adriano,1.0
aeroportos,1.0
afastamento,1.0
aferidores,1.0
afirmação,1.0
afixar,1.0
agamenon,1.0
agendamento,1.0
ageu,1.0
agilizando,1.0
agilizar,1.0
agnelo,1.0
agostinho,1.0
agressor,1.0
agressores,1.0
agreste,1.0
agricultor,1.0
águeda,1.0
ajalmar,1.0
aladim,1.0
alagamentos,1.0
alaide,1.0
albino,1.0
alcedo,1.0
alcenor,1.0
alcindor,1.0
alcólicas,1.0
alcólicos,1.0
alcoolismo,1.0
aleições,1.0
alemão,1.0
alérgicos,1.0
alertando,1.0
alexandrino,1.0
alguém,1.0
algum,1.0
alíena,1.0
alienável,1.0
alimentada,1.0
alimentares,1.0
alimentícios,1.0
almeidaa,1.0
almério,1.0
almirante,1.0
aloísio,1.0
alterando,1.0
alterar,1.0
alternativas,1.0
alternavida,1.0
altista,1.0
alugado,1.0
aluguel,1.0
aluiízio,1.0
alúizio,1.0
aluzio,1.0
alve,1.0
ama,1.0
amado,1.0
amadora,1.0
amadores,1.0
amâncio,1.0
amara,1.0
amarelo,1.0
amaro,1.0
amaury,1.0
ambientes,1.0
ambientesesuma,1.0
ambulatório,1.0
ambulatórios,1.0
americana,1.0
américo,1.0
amigão,1.0
amigos,1.0
amilton,1.0
amostras,1.0
ampliem,1.0
anacleta,1.0
anaide,1.0
anaisa,1.0
análise,1.0
anamma,1.0
anel,1.0
anézio,1.0
aniceto,1.0
anita,1.0
aniversários,1.0
anjos,1.0
anônimos,1.0
anterior,1.0
antes,1.0
antiapagão,1.0
antidrogas,1.0
antiga,1.0
antigas,1.0
antigo,1.0
antropólogo,1.0
antunes,1.0
anunciada,1.0
anúncio,1.0
apae,1.0
aparecida,1.0
aparência,1.0
apartamentos,1.0
aplicativos,1.0
apoiar,1.0
apologia,1.0
aposentado,1.0
aposição,1.0
apostolo,1.0
apóstolo,1.0
aprendiz,1.0
apresentando,1.0
apresentar,1.0
apresentarem,1.0
apresentem,1.0
aprovados,1.0
aquáticas,1.0
aquino,1.0
aragão,1.0
araruna,1.0
arbórea,1.0
arborização,1.0
arcelina,1.0
arena,1.0
argentina,1.0
arimáteia,1.0
ariosvaldo,1.0
aristarco,1.0
arma,1.0
arquitetônico,1.0
arrendamento,1.0
artérias,1.0
artesanais,1.0
artesanatopca,1.0
artesãos,1.0
artistas,1.0
artrite,1.0
artrose,1.0
ascensoristas,1.0
aspampspb,1.0
asrtigo,1.0
assalto,1.0
assemelhados,1.0
assentos,1.0
assistida,1.0
associações,1.0
assorac,1.0
atacadão,1.0
atacado,1.0
atenderem,1.0
atendidos,1.0
aterna,1.0
ativismo,1.0
atj,1.0
atleta,1.0
atrações,1.0
atraso,1.0
atribuições,1.0
atuação,1.0
atual,1.0
audiovisuais,1.0
audírio,1.0
auditórios,1.0
augusto,1.0
aulas,1.0
aumentar,1.0
aumento,1.0
áurea,1.0
aureliano,1.0
aurélio,1.0
aurora,1.0
autarquias,1.0
autárquica,1.0
autêntico,1.0
autismo,1.0
autista,1.0
autocenters,1.0
autógrafo,1.0
automaticamente,1.0
autônomos,1.0
autor,1.0
autoria,1.0
autorizado,1.0
autorizando,1.0
azevêdo,1.0
azulão,1.0
banda,1.0
barca,1.0
bariátrica,1.0
bariátrico,1.0
barracas,1.0
bartolomeu,1.0
base,1.0
baseiem,1.0
básicaideb,1.0
basílio,1.0
baterias,1.0
bbm,1.0
beatriz,1.0
bebeidas,1.0
beiriz,1.0
belermino,1.0
beleza,1.0
belizário,1.0
belmiro,1.0
benção,1.0
benedita,1.0
beneficiária,1.0
benicio,1.0
benjamin,1.0
bento,1.0
berçário,1.0
bernadete,1.0
berto,1.0
bertrand,1.0
bíblia,1.0
bíblica,1.0
bicicletas,1.0
biciletários,1.0
bienal,1.0
biló,1.0
biodegradáveis,1.0
biólogo,1.0
bisfenol,1.0
bituqueiras,1.0
blogs,1.0
bloquieio,1.0
boa,1.0
bola,1.0
boletim,1.0
bolsa,1.0
bomba,1.0
bombeiro,1.0
bons,1.0
borba,1.0
botijão,1.0
branca,1.0
branco,1.0
brasão,1.0
breno,1.0
brilhante,1.0
brinquedo,1.0
brinquedos,1.0
bucal,1.0
buieiros,1.0
caatinga,1.0
cabo,1.0
cace,1.0
cadastros,1.0
cadeirantes,1.0
caderneta,1.0
cães,1.0
cagepa,1.0
cajec,1.0
camarote,1.0
câmera,1.0
camilo,1.0
caminhadas,1.0
caminhoneiro,1.0
camleo,1.0
campinagrande,1.0
canal,1.0
cancelas,1.0
cãncer,1.0
canpina,1.0
cantinho,1.0
cantora,1.0
canudo,1.0
capacidade,1.0
capacitado,1.0
capas,1.0
capilé,1.0
capoeira,1.0
captação,1.0
captados,1.0
caput,1.0
caracas,1.0
caráter,1.0
carcaças,1.0
card,1.0
cardápios,1.0
care,1.0
carecão,1.0
carimbos,1.0
carismática,1.0
carla,1.0
carmela,1.0
carmelita,1.0
caroca,1.0
carreiras,1.0
carro,1.0
carros,1.0
carrosfortes,1.0
carteiras,1.0
carteria,1.0
cartografia,1.0
cartório,1.0
cartórios,1.0
casais,1.0
casal,1.0
casasabrigo,1.0
cascudo,1.0
casimiro,1.0
casinha,1.0
cassação,1.0
cassimiro,1.0
cássio,1.0
castelo,1.0
casuza,1.0
catolé,1.0
católica,1.0
cavalgada,1.0
cds,1.0
cec,1.0
cecy,1.0
cede,1.0
ceder,1.0
cedidos,1.0
celestino,1.0
celino,1.0
cels,1.0
celso,1.0
celulares,1.0
células,1.0
cely,1.0
cemitério,1.0
ceps,1.0
cerâmica,1.0
cerãmica,1.0
cerca,1.0
cerebral,1.0
cerol,1.0
cestas,1.0
ceú,1.0
cezar,1.0
cezídio,1.0
cgcanal,1.0
chã,1.0
chamada,1.0
cheia,1.0
cheques,1.0
ciclismo,1.0
ciclistas,1.0
cicloviária,1.0
cicloviário,1.0
cidadaniapromotor,1.0
cidadãos,1.0
ciência,1.0
cineclub,1.0
cinema,1.0
cinemas,1.0
circenses,1.0
círculo,1.0
cirurgia,1.0
citronela,1.0
cívico,1.0
civil,1.0
cívil,1.0
civís,1.0
cívis,1.0
cláudia,1.0
claudino,1.0
cláusula,1.0
cleantes,1.0
cleonice,1.0
cleto,1.0
cleudo,1.0
clidenor,1.0
cliente,1.0
climatização,1.0
clovis,1.0
cmapina,1.0
cmgc,1.0
cnti,1.0
cobertura,1.0
cobrador,1.0
cobrados,1.0
cobrar,1.0
cocessão,1.0
coemercialização,1.0
coibir,1.0
colaboradores,1.0
colaço,1.0
colapso,1.0
colégio,1.0
colégios,1.0
colesterol,1.0
coletora,1.0
colhendo,1.0
colocarem,1.0
combatente,1.0
combea,1.0
combustão,1.0
comemora,1.0
comemorações,1.0
comeoração,1.0
comercializam,1.0
comerciárias,1.0
comerciário,1.0
comerciários,1.0
comércio,1.0
comércios,1.0
comissionado,1.0
comitê,1.0
compartimento,1.0
compatível,1.0
compensação,1.0
competências,1.0
competições,1.0
compõe,1.0
compõem,1.0
compra,1.0
comprovação,1.0
comprovada,1.0
compulsória,1.0
comum,1.0
comuns,1.0
conce,1.0
concessionários,1.0
concluídas,1.0
condeb,1.0
condenações,1.0
condiçãoes,1.0
condiciona,1.0
condicionado,1.0
condicionamento,1.0
condôminios,1.0
conduta,1.0
confecção,1.0
confeccionadas,1.0
confinados,1.0
conformea,1.0
conformidades,1.0
conforto,1.0
conhecido,1.0
cônjuges,1.0
conselheiros,1.0
conserto,1.0
conserva,1.0
conservação,1.0
consideradas,1.0
consignado,1.0
constante,1.0
conste,1.0
constituição,1.0
constrangedor,1.0
construídos,1.0
construir,1.0
consulta,1.0
consumiodres,1.0
contador,1.0
contêineres,1.0
contenham,1.0
conterem,1.0
contínua,1.0
continuem,1.0
contratações,1.0
contratado,1.0
contratarem,1.0
contrato,1.0
contratos,1.0
controladoria,1.0
contru,1.0
contsruída,1.0
convenção,1.0
conveniência,1.0
convênios,1.0
convite,1.0
convívio,1.0
cooperativa,1.0
cooperativas,1.0
coordenadoria,1.0
copa,1.0
cópia,1.0
copos,1.0
coral,1.0
corcino,1.0
corpo,1.0
corporais,1.0
corporativos,1.0
correa,1.0
correio,1.0
correlatos,1.0
corrente,1.0
corrigir,1.0
cortante,1.0
cosme,1.0
cosméticos,1.0
crachá,1.0
crais,1.0
cratuito,1.0
credenciamento,1.0
créditos,1.0
cremação,1.0
crematório,1.0
cremilda,1.0
crescer,1.0
crescimento,1.0
criadores,1.0
criando,1.0
crição,1.0
crisóstomo,1.0
cristandade,1.0
cristãos,1.0
cristovão,1.0
croqui,1.0
crotalária,1.0
cueca,1.0
cuités,1.0
cuja,1.0
cujos,1.0
cultivo,1.0
culto,1.0
cultos,1.0
currais,1.0
cursilho,1.0
custeados,1.0
cvt,1.0
dagoberto,1.0
dalila,1.0
dalton,1.0
daltonismo,1.0
damaceno,1.0
damasceno,1.0
damião,1.0
dança,1.0
dangola,1.0
danificando,1.0
danillo,1.0
darcy,1.0
dário,1.0
database,1.0
daves,1.0
dean,1.0
decelso,1.0
décimo,1.0
declamação,1.0
declaração,1.0
declaro,1.0
decorrência,1.0
decretados,1.0
decretolei,1.0
dedicado,1.0
dedo,1.0
defensoria,1.0
definese,1.0
definir,1.0
deixar,1.0
delfino,1.0
delgado,1.0
deliberativo,1.0
delson,1.0
demaria,1.0
democrático,1.0
demonstrativos,1.0
demora,1.0
denizar,1.0
denomidad,1.0
denominados,1.0
denominam,1.0
denominar,1.0
denominda,1.0
dental,1.0
denúncia,1.0
denúncias,1.0
deocleciano,1.0
deodato,1.0
deodoto,1.0
deonimna,1.0
deonomina,1.0
departamento,1.0
departamentos,1.0
dependênciasplacas,1.0
depósito,1.0
depósitos,1.0
depreciativo,1.0
derivados,1.0
desacomnhadas,1.0
desafetar,1.0
desafio,1.0
desaparecidas,1.0
desaparecidos,1.0
descono,1.0
descontar,1.0
descontos,1.0
desembagador,1.0
desembargadora,1.0
desempenho,1.0
desenvolvidos,1.0
desfile,1.0
designa,1.0
designação,1.0
designado,1.0
desitnada,1.0
desmembra,1.0
desporte,1.0
desportivos,1.0
desporto,1.0
desratização,1.0
destinadas,1.0
destinar,1.0
destindadas,1.0
destruição,1.0
desvalorize,1.0
detecção,1.0
determianr,1.0
detritos,1.0
deve,1.0
devedora,1.0
devem,1.0
deverá,1.0
deverão,1.0
dezenito,1.0
dficiência,1.0
diabetes,1.0
diagnosticado,1.0
diante,1.0
dianteira,1.0
diferença,1.0
diferenciada,1.0
dificuldade,1.0
difusão,1.0
digitação,1.0
digital,1.0
digitalização,1.0
dilação,1.0
dilson,1.0
dimas,1.0
diminuição,1.0
dindmotocg,1.0
diomedes,1.0
direto,1.0
diretor,1.0
diretora,1.0
diretoresnível,1.0
diretoria,1.0
diretos,1.0
dirigir,1.0
disciplinação,1.0
disciplinamento,1.0
disk,1.0
dispensadas,1.0
dispôe,1.0
dispõer,1.0
dispões,1.0
disponibilizadas,1.0
disponibilize,1.0
disponibilizem,1.0
disposições,1.0
dispostivos,1.0
disposto,1.0
disqueburaco,1.0
distribuidores,1.0
distriduídos,1.0
distúrbios,1.0
ditadura,1.0
divaldo,1.0
diversão,1.0
divulgaem,1.0
divulgue,1.0
doa,1.0
doado,1.0
doarem,1.0
docência,1.0
doenças,1.0
dom,1.0
doméstico,1.0
domicílio,1.0
dominguinhos,1.0
donato,1.0
donos,1.0
dores,1.0
dorneles,1.0
dorothy,1.0
dospõe,1.0
dotadas,1.0
dotados,1.0
drenagem,1.0
drogascomad,1.0
dubu,1.0
dulcelina,1.0
duráveis,1.0
duzentos,1.0
dvone,1.0
ebenezer,1.0
ecoalfabetização,1.0
ecoeficiente,1.0
ecológico,1.0
economia,1.0
econômicos,1.0
economista,1.0
ecoturismo,1.0
edifício,1.0
edifíciosede,1.0
edileusa,1.0
edílson,1.0
editais,1.0
edivaldo,1.0
edivânia,1.0
edmilson,1.0
edna,1.0
eduardo,1.0
educadores,1.0
educandos,1.0
educativo,1.0
edvirges,1.0
efeitvos,1.0
efetiva,1.0
efetivação,1.0
efetuados,1.0
eficácia,1.0
egressos,1.0
eilson,1.0
eixos,1.0
eleição,1.0
eleições,1.0
eleitoralpb,1.0
eletrodomésticos,1.0
elevados,1.0
eliana,1.0
elias,1.0
eliphio,1.0
elisabete,1.0
eliza,1.0
elizabete,1.0
elkhoury,1.0
elpídio,1.0
elza,1.0
emef,1.0
ementa,1.0
emergência,1.0
emitida,1.0
emitir,1.0
empreendedor,1.0
empregados,1.0
empresáio,1.0
empresários,1.0
encefalopatia,1.0
encerrar,1.0
enchendo,1.0
encomendas,1.0
endereçamento,1.0
eneida,1.0
energias,1.0
energisa,1.0
enfermeiro,1.0
enide,1.0
enivaldo,1.0
enquanto,1.0
entes,1.0
entorpecentes,1.0
entregadores,1.0
entregues,1.0
entretenimento,1.0
envio,1.0
enxame,1.0
epidemiológica,1.0
equilíbrio,1.0
equipadas,1.0
equiparação,1.0
eramos,1.0
ereira,1.0
erigir,1.0
erivaldo,1.0
ermírio,1.0
erros,1.0
esberard,1.0
escapamento,1.0
esclarecendo,1.0
esclarecimento,1.0
escritores,1.0
escrituração,1.0
esdra,1.0
esfera,1.0
esgoto,1.0
esmeralda,1.0
espaçoes,1.0
espanhol,1.0
especificas,1.0
especifíco,1.0
especifique,1.0
espectro,1.0
espeficia,1.0
espera,1.0
espiritismoame,1.0
esportiva,1.0
esportivo,1.0
esquizofrenia,1.0
estabelecer,1.0
estabelecerá,1.0
estabelecidads,1.0
estabelecimento,1.0
estaduais,1.0
estágios,1.0
estampada,1.0
estando,1.0
estatásticas,1.0
estátua,1.0
estátuas,1.0
estender,1.0
ester,1.0
esterilização,1.0
estética,1.0
estímulos,1.0
estipula,1.0
estipulada,1.0
estrangeiras,1.0
estratégica,1.0
estrutural,1.0
estruturas,1.0
estudantis,1.0
etapa,1.0
eternizado,1.0
eudes,1.0
eudezia,1.0
eudília,1.0
eufrásio,1.0
eulalia,1.0
eunice,1.0
euridice,1.0
eutiqui,1.0
euvaldo,1.0
evaldo,1.0
evangélico,1.0
eventuais,1.0
everardo,1.0
excepecional,1.0
exclusivamente,1.0
exclusivas,1.0
excombatente,1.0
exdeputado,1.0
execelentíssimo,1.0
execício,1.0
execuções,1.0
exercícios,1.0
exército,1.0
exibirem,1.0
existentes,1.0
exlusivo,1.0
expansão,1.0
expedição,1.0
expirado,1.0
explicativas,1.0
exponha,1.0
expor,1.0
exposição,1.0
exprefeito,1.0
expresidentes,1.0
expressa,1.0
expressamente,1.0
expressão,1.0
expropriados,1.0
exsenador,1.0
extensão,1.0
extensivo,1.0
extingue,1.0
extintores,1.0
extracurricular,1.0
exvereador,1.0
fabricação,1.0
fabrício,1.0
faça,1.0
facas,1.0
fácil,1.0
facilitar,1.0
faculdades,1.0
facultativo,1.0
facundo,1.0
falaprefeitocombr,1.0
falconi,1.0
familiares,1.0
fanfarras,1.0
faras,1.0
farmacêuticos,1.0
fátima,1.0
faturas,1.0
fazenda,1.0
fazerem,1.0
fechadas,1.0
fechados,1.0
federados,1.0
feitas,1.0
feitor,1.0
feitoza,1.0
felício,1.0
feminina,1.0
feminino,1.0
feriados,1.0
férias,1.0
ferir,1.0
fermentado,1.0
fest,1.0
festejos,1.0
fez,1.0
ffeira,1.0
fiação,1.0
filhasos,1.0
filhoa,1.0
filiada,1.0
filme,1.0
filtragem,1.0
filtro,1.0
filtros,1.0
finalidades,1.0
finanças,1.0
financeiro,1.0
financiar,1.0
fio,1.0
fiqueiredo,1.0
firmar,1.0
firmo,1.0
fiscalizador,1.0
fiscalizadores,1.0
flagrado,1.0
fleunylda,1.0
flexibilização,1.0
florestal,1.0
florestan,1.0
florinda,1.0
florípedes,1.0
fmhis,1.0
fmicg,1.0
focos,1.0
fogo,1.0
fonsêca,1.0
fônseca,1.0
fontes,1.0
força,1.0
formalização,1.0
formas,1.0
formiga,1.0
formulação,1.0
fornecedores,1.0
fornecer,1.0
foto,1.0
fotografe,1.0
fotógrafo,1.0
fracionada,1.0
fraldários,1.0
fraldas,1.0
francinaldo,1.0
franco,1.0
franelinhas,1.0
fraudas,1.0
frentista,1.0
frentistas,1.0
frequentadores,1.0
freyre,1.0
frotas,1.0
frutíferas,1.0
fumantes,1.0
fumbea,1.0
fumicfundo,1.0
fumo,1.0
funcionam,1.0
funcionando,1.0
funcionar,1.0
funcionárias,1.0
fúnebres,1.0
funeral,1.0
funerários,1.0
furtado,1.0
futebolísticos,1.0
futsal,1.0
futuro,1.0
gabimar,1.0
gabriel,1.0
galdino,1.0
galego,1.0
galpões,1.0
gama,1.0
gangorra,1.0
garante,1.0
garantias,1.0
garantir,1.0
garcia,1.0
garcía,1.0
garçom,1.0
garçon,1.0
gasolina,1.0
gastroplastia,1.0
gaudêncio,1.0
geane,1.0
gênero,1.0
genésio,1.0
genez,1.0
geoadministrativo,1.0
geografia,1.0
geógrafo,1.0
geovanne,1.0
geradores,1.0
gerará,1.0
gerenciamento,1.0
geriátricas,1.0
gestação,1.0
gestacional,1.0
getúlio,1.0
ggi,1.0
gideões,1.0
gil,1.0
gilberlan,1.0
ginásio,1.0
ginástica,1.0
gináticas,1.0
giradouro,1.0
git,1.0
gleidimar,1.0
global,1.0
glp,1.0
glúten,1.0
góes,1.0
goleiro,1.0
gonçalo,1.0
gonzagão,1.0
gorduras,1.0
gospel,1.0
governador,1.0
governança,1.0
gps,1.0
grabnde,1.0
graciano,1.0
grade,1.0
grades,1.0
grandee,1.0
grandeihcg,1.0
granderefis,1.0
grandes,1.0
grandesiclocg,1.0
grandesttp,1.0
granmde,1.0
granse,1.0
gratificadas,1.0
gratuitamente,1.0
gratuito,1.0
graves,1.0
grávidas,1.0
gregório,1.0
gualberto,1.0
guardadores,1.0
guerdas,1.0
guerra,1.0
guias,1.0
guimarâes,1.0
guttenberg,1.0
habib,1.0
habilitação,1.0
habitese,1.0
hamilton,1.0
hasteamento,1.0
helenita,1.0
hélio,1.0
heliomar,1.0
hemoglobinopatias,1.0
hepatite,1.0
herbert,1.0
hércules,1.0
herzog,1.0
hidropônicos,1.0
higiênico,1.0
higiênicos,1.0
hinos,1.0
hiper,1.0
hipermercado,1.0
hipólito,1.0
hipótese,1.0
hipóteses,1.0
historiador,1.0
históricas,1.0
hiv,1.0
homem,1.0
homenageada,1.0
homenagear,1.0
homero,1.0
homofobia,1.0
homologação,1.0
honorato,1.0
horizontais,1.0
horizontal,1.0
horta,1.0
hortência,1.0
hortifrutigrangeiros,1.0
hotéis,1.0
hueliton,1.0
humanitário,1.0
humberto,1.0
iara,1.0
iasley,1.0
ibama,1.0
ibiapino,1.0
idealizadores,1.0
idosa,1.0
ídoso,1.0
iel,1.0
igor,1.0
igualdade,1.0
ilka,1.0
ilustre,1.0
imigrantes,1.0
iminente,1.0
imobiliárias,1.0
impedir,1.0
imperial,1.0
imperiano,1.0
impermeabilizem,1.0
implantarem,1.0
imposição,1.0
impositivo,1.0
imprensa,1.0
impressão,1.0
inácia,1.0
inauguradas,1.0
incapazaes,1.0
incêndio,1.0
incentivadoras,1.0
incentive,1.0
incetivo,1.0
incineradores,1.0
incluído,1.0
indenização,1.0
indica,1.0
indicadores,1.0
indicativas,1.0
indicativo,1.0
índice,1.0
índices,1.0
indiretos,1.0
individuos,1.0
industriais,1.0
inês,1.0
infantaria,1.0
infantis,1.0
infantojuvenil,1.0
infectocontagioso,1.0
informar,1.0
informativa,1.0
informatização,1.0
inglês,1.0
ingresso,1.0
ingressos,1.0
iniciativas,1.0
inluindo,1.0
inomimados,1.0
inominada,1.0
inominadas,1.0
inovação,1.0
inquilino,1.0
inscrever,1.0
insejec,1.0
inserido,1.0
insititui,1.0
inspeção,1.0
instalada,1.0
instalado,1.0
instalar,1.0
instalaraem,1.0
instittui,1.0
institucionais,1.0
instituído,1.0
instituindo,1.0
instiuição,1.0
instruções,1.0
insumos,1.0
integram,1.0
integrantes,1.0
integrar,1.0
intelectual,1.0
intépretes,1.0
interativo,1.0
interdição,1.0
interdisciplinar,1.0
intermédio,1.0
interna,1.0
internacionais,1.0
internadas,1.0
intérpretes,1.0
intervalo,1.0
intervenções,1.0
intinerantes,1.0
introdução,1.0
inudações,1.0
investimentos,1.0
iolanda,1.0
ipad,1.0
iphaep,1.0
ipsem,1.0
iptuimposto,1.0
irineu,1.0
irmandade,1.0
irmãos,1.0
irregulares,1.0
isaura,1.0
isenta,1.0
islayne,1.0
isolda,1.0
isopor,1.0
itan,1.0
itbi,1.0
itens,1.0
itinerantes,1.0
ivandebergue,1.0
ivandro,1.0
jacildo,1.0
jacy,1.0
jaime,1.0
jairo,1.0
janace,1.0
janaci,1.0
janiro,1.0
januário,1.0
janus,1.0
jefferson,1.0
jenário,1.0
jeová,1.0
jeremias,1.0
jinkinks,1.0
joacir,1.0
joedula,1.0
joel,1.0
joffily,1.0
jogando,1.0
joia,1.0
jomar,1.0
jonilda,1.0
jordão,1.0
jornalismo,1.0
josefina,1.0
joseildo,1.0
josilene,1.0
jousilene,1.0
jovens,1.0
jozenilto,1.0
judas,1.0
júlio,1.0
julita,1.0
juncea,1.0
junina,1.0
juninos,1.0
jurista,1.0
juros,1.0
juscelino,1.0
justino,1.0
justo,1.0
kalley,1.0
kardnam,1.0
karson,1.0
kassab,1.0
keyte,1.0
klay,1.0
kubitschek,1.0
lacerda,1.0
laços,1.0
lactantes,1.0
lactobacílios,1.0
lactose,1.0
lafite,1.0
lafontaine,1.0
lago,1.0
lála,1.0
lançamento,1.0
lanchonetes,1.0
lar,1.0
larvas,1.0
lattes,1.0
laudo,1.0
ldo,1.0
leano,1.0
leão,1.0
legal,1.0
legenda,1.0
leís,1.0
lenildo,1.0
lenílson,1.0
lenira,1.0
leonardo,1.0
leopoldina,1.0
leopoldino,1.0
levino,1.0
lia,1.0
liberação,1.0
liberarem,1.0
libras,1.0
libraslíngua,1.0
licenças,1.0
lídio,1.0
liêta,1.0
ligação,1.0
ligeiro,1.0
limitação,1.0
limitações,1.0
lindberg,1.0
lindbergh,1.0
lindemberg,1.0
línguas,1.0
lins,1.0
lista,1.0
literária,1.0
liturgias,1.0
lívio,1.0
livraria,1.0
livro,1.0
lixeiras,1.0
lobo,1.0
localidade,1.0
loco,1.0
locomoção,1.0
lodi,1.0
logomarca,1.0
logotipo,1.0
logradourou,1.0
loogradouros,1.0
lorenzo,1.0
lotados,1.0
lotéricas,1.0
lotes,1.0
loureiro,1.0
lourival,1.0
lousa,1.0
ltda,1.0
luan,1.0
lúcia,1.0
lucrécia,1.0
lucyane,1.0
ludoterápicos,1.0
luis,1.0
luismar,1.0
luizinho,1.0
luminárias,1.0
luna,1.0
luz,1.0
luzamir,1.0
lúzia,1.0
lycarião,1.0
macarenhas,1.0
macèdo,1.0
machado,1.0
maciel,1.0
madre,1.0
mãecrecheira,1.0
magistrais,1.0
magna,1.0
mailton,1.0
majora,1.0
majoração,1.0
majorar,1.0
mama,1.0
mandados,1.0
manifestação,1.0
manipulados,1.0
manuseio,1.0
mãodeobra,1.0
mãos,1.0
marcados,1.0
marcas,1.0
marcelina,1.0
marcelo,1.0
marcha,1.0
marciais,1.0
mariano,1.0
marighella,1.0
marinaldo,1.0
marinheiro,1.0
marino,1.0
marisia,1.0
marivaldo,1.0
mariz,1.0
márquez,1.0
marqueza,1.0
marquises,1.0
martinho,1.0
materias,1.0
materno,1.0
matias,1.0
matta,1.0
mauricéa,1.0
maurício,1.0
mauro,1.0
maustratos,1.0
maximização,1.0
máximo,1.0
mayer,1.0
mecânica,1.0
mecãnica,1.0
mecânicas,1.0
mecãnicos,1.0
mecenato,1.0
média,1.0
médias,1.0
medicamento,1.0
medicina,1.0
medula,1.0
meioambiente,1.0
meira,1.0
mel,1.0
melania,1.0
melhoramentos,1.0
melhoria,1.0
melomenininho,1.0
melquiades,1.0
melquíades,1.0
membro,1.0
membros,1.0
memoriam,1.0
mencionado,1.0
menos,1.0
mensal,1.0
mensalmente,1.0
mensamenlmente,1.0
menses,1.0
mercado,1.0
mercadorias,1.0
mêrces,1.0
mercia,1.0
mércia,1.0
merinalba,1.0
meritíssimo,1.0
meríto,1.0
mesa,1.0
mesquita,1.0
metabólica,1.0
metalúrgica,1.0
método,1.0
metropolina,1.0
metros,1.0
micheline,1.0
micopolissacaridoses,1.0
microempreendedor,1.0
micropolissacaridose,1.0
mike,1.0
mil,1.0
milda,1.0
minervina,1.0
mínima,1.0
ministério,1.0
ministrada,1.0
ministrados,1.0
ministros,1.0
minutos,1.0
miranda,1.0
mirante,1.0
mirim,1.0
misericórdia,1.0
missionária,1.0
mista,1.0
mizael,1.0
mobilização,1.0
modesto,1.0
modificada,1.0
modificia,1.0
moisés,1.0
molina,1.0
montagem,1.0
monte,1.0
monumento,1.0
morillas,1.0
mortais,1.0
motocicletas,1.0
motociclistas,1.0
motofest,1.0
motofretista,1.0
motora,1.0
motorista,1.0
motorizado,1.0
mototáxi,1.0
mototaxista,1.0
mousinho,1.0
móvel,1.0
movida,1.0
movimentos,1.0
mudas,1.0
multiassistência,1.0
multidisciplinar,1.0
municcípio,1.0
municiípio,1.0
municipio,1.0
municípiomutirão,1.0
municípios,1.0
muniz,1.0
múscia,1.0
museus,1.0
mutilar,1.0
nacad,1.0
nacionaliphan,1.0
nair,1.0
nápoles,1.0
nascentes,1.0
natalício,1.0
nativas,1.0
naturezaissqnpara,1.0
náutico,1.0
nazaré,1.0
necessitam,1.0
necessitem,1.0
neco,1.0
negativa,1.0
negra,1.0
negreiros,1.0
negro,1.0
negros,1.0
nele,1.0
nepotismo,1.0
neres,1.0
nesse,1.0
netto,1.0
ney,1.0
nezinho,1.0
nformativas,1.0
nicácio,1.0
niedson,1.0
ninfa,1.0
niton,1.0
noaldemir,1.0
noaldo,1.0
noberto,1.0
nomeações,1.0
nonato,1.0
nordeste,1.0
noroeste,1.0
noronha,1.0
nota,1.0
notícias,1.0
notificação,1.0
notificações,1.0
notificarem,1.0
noturna,1.0
noturnas,1.0
noturno,1.0
noujaim,1.0
novs,1.0
obesas,1.0
obesos,1.0
óbito,1.0
objetivando,1.0
objeto,1.0
objetos,1.0
obreiro,1.0
obrgatoriedade,1.0
obrigatoriamente,1.0
obrigatoridade,1.0
obrigatyoriedade,1.0
ocasião,1.0
ocorrências,1.0
ocupantes,1.0
odete,1.0
oeste,1.0
oferecidas,1.0
oficialmente,1.0
oftalmoclínica,1.0
oftalmológico,1.0
oftalmológicos,1.0
ogrigatoriedade,1.0
óleos,1.0
oliveiros,1.0
olívia,1.0
ongs,1.0
online,1.0
ônus,1.0
opaco,1.0
operação,1.0
operado,1.0
operados,1.0
ópticos,1.0
oração,1.0
oradores,1.0
orbitall,1.0
orçamentário,1.0
ordenamento,1.0
ordens,1.0
orengo,1.0
orgâncicas,1.0
orgânico,1.0
organizadas,1.0
originais,1.0
original,1.0
orlandino,1.0
ornamentação,1.0
orquestra,1.0
osório,1.0
óssea,1.0
ostomizadas,1.0
otaviano,1.0
ouro,1.0
outars,1.0
outorgada,1.0
outreas,1.0
ouvidoria,1.0
pablo,1.0
pachú,1.0
paciente,1.0
pactuada,1.0
padhuá,1.0
padrão,1.0
padronização,1.0
padronizem,1.0
pagamentos,1.0
pagos,1.0
pai,1.0
palestra,1.0
palito,1.0
panificação,1.0
panificadoras,1.0
panorâmica,1.0
papagaios,1.0
parafusos,1.0
paraíbaamep,1.0
paraíbaaspampspb,1.0
paraíbafap,1.0
paraibana,1.0
paraibano,1.0
paralela,1.0
paralelo,1.0
paraolímpico,1.0
parar,1.0
parcelar,1.0
paredes,1.0
parentes,1.0
parlamento,1.0
pároco,1.0
parteira,1.0
participante,1.0
participarem,1.0
parturiente,1.0
parturientes,1.0
parufuso,1.0
passa,1.0
passadas,1.0
passará,1.0
passarelas,1.0
passeios,1.0
passinha,1.0
paternidade,1.0
pator,1.0
patrício,1.0
patrick,1.0
patrímonio,1.0
patriota,1.0
patrióticos,1.0
patrocinador,1.0
paulistano,1.0
pcparalisia,1.0
pddecg,1.0
pecuniária,1.0
pedagogia,1.0
pedagógica,1.0
pedagógico,1.0
pede,1.0
pedestres,1.0
pedido,1.0
pedofilia,1.0
pedreira,1.0
penas,1.0
penha,1.0
pépertuo,1.0
perfurar,1.0
perigo,1.0
perímetro,1.0
permantes,1.0
permitam,1.0
permite,1.0
permitir,1.0
personalidades,1.0
pertencentes,1.0
pertinentes,1.0
peso,1.0
petróleo,1.0
philogônio,1.0
pichação,1.0
pimentel,1.0
pina,1.0
pintura,1.0
pio,1.0
pioneiros,1.0
pipas,1.0
pirotécnicos,1.0
piscinas,1.0
plantadas,1.0
plantando,1.0
plantão,1.0
plantio,1.0
plaquetas,1.0
pláticas,1.0
playground,1.0
playgrounds,1.0
plena,1.0
plenárias,1.0
plenas,1.0
plurianual,1.0
pluvial,1.0
pmaqab,1.0
pme,1.0
pmgirs,1.0
pneus,1.0
pode,1.0
poente,1.0
poesia,1.0
poetisa,1.0
poetisas,1.0
policarpo,1.0
polion,1.0
polo,1.0
poltronas,1.0
porção,1.0
porcina,1.0
pornográfico,1.0
porta,1.0
portadora,1.0
portais,1.0
portando,1.0
portas,1.0
portáteis,1.0
posição,1.0
pósparto,1.0
possibilitar,1.0
possibilitem,1.0
possua,1.0
possui,1.0
posterior,1.0
posteriores,1.0
postural,1.0
potencialmente,1.0
pracinha,1.0
praticar,1.0
prc,1.0
pré,1.0
precatório,1.0
preço,1.0
preconceitos,1.0
préeclâmpsia,1.0
préescola,1.0
preferênciais,1.0
preferencial,1.0
prématrícula,1.0
premiação,1.0
prénatal,1.0
prescrito,1.0
presente,1.0
presidência,1.0
prestações,1.0
prestado,1.0
preventivo,1.0
preventivos,1.0
previstas,1.0
primeiras,1.0
prioridade,1.0
prioridades,1.0
prioriza,1.0
prisionais,1.0
próarte,1.0
proceder,1.0
procederem,1.0
procedimento,1.0
procuradorgeral,1.0
procuram,1.0
prof,1.0
profissinal,1.0
profissionalizantes,1.0
progressiva,1.0
proibe,1.0
proíbição,1.0
projetado,1.0
projetrada,1.0
proliferação,1.0
promotor,1.0
pronobps,1.0
prontosocorro,1.0
prontossocorros,1.0
prontuários,1.0
propaganda,1.0
propagandas,1.0
própria,1.0
propriedades,1.0
próprios,1.0
prostituição,1.0
protestos,1.0
protetor,1.0
protetores,1.0
protocolo,1.0
prova,1.0
provas,1.0
providência,1.0
providêndias,1.0
providñecias,1.0
proviências,1.0
provimentos,1.0
provinientes,1.0
provisória,1.0
próximas,1.0
prvidências,1.0
psf,1.0
psicologia,1.0
psicomentais,1.0
psicomotora,1.0
psicomotoras,1.0
psicopedagógico,1.0
psicossocial,1.0
psíquicosocial,1.0
puberdade,1.0
públçica,1.0
publicado,1.0
publicitária,1.0
publicitárias,1.0
quadrinhista,1.0
quais,1.0
quantia,1.0
quantidades,1.0
quarenta,1.0
quarto,1.0
quatro,1.0
querubina,1.0
químicas,1.0
quintana,1.0
raça,1.0
radares,1.0
radiofônico,1.0
raiaumas,1.0
rainha,1.0
raízes,1.0
ramalho,1.0
ramdinha,1.0
rangel,1.0
raniery,1.0
rara,1.0
rasia,1.0
rastreamento,1.0
reais,1.0
realizaram,1.0
realizarem,1.0
recarga,1.0
receber,1.0
recebimento,1.0
receptoras,1.0
recicla,1.0
reciclado,1.0
reciclar,1.0
recicláveis,1.0
reclamações,1.0
recolhimento,1.0
recomendação,1.0
recrtutamento,1.0
redefine,1.0
redenção,1.0
reduz,1.0
reduzidas,1.0
reduzir,1.0
reestruturando,1.0
reestruturar,1.0
referente,1.0
referentes,1.0
refis,1.0
reformas,1.0
regina,1.0
reginaldo,1.0
registre,1.0
regulamentando,1.0
regulamentea,1.0
regulamento,1.0
regulamentou,1.0
regular,1.0
reibaxamento,1.0
reinstalações,1.0
reitegração,1.0
relação,1.0
relacionados,1.0
relativa,1.0
relativas,1.0
relativo,1.0
relativos,1.0
relativositbi,1.0
relevante,1.0
relevantes,1.0
religiões,1.0
religiosas,1.0
remígio,1.0
remunerada,1.0
remunerado,1.0
remuneram,1.0
renato,1.0
rené,1.0
reparação,1.0
reparcelamento,1.0
reparo,1.0
reportagens,1.0
repouso,1.0
reprodutivo,1.0
requesitos,1.0
reservadas,1.0
reservado,1.0
reservarem,1.0
reservas,1.0
resgate,1.0
respeito,1.0
responsabiliza,1.0
restituição,1.0
restos,1.0
retardo,1.0
retirar,1.0
retrorreflexiva,1.0
reumatoide,1.0
reuso,1.0
reutilizáveis,1.0
revendedores,1.0
revestidos,1.0
revestimento,1.0
rilávia,1.0
rilton,1.0
rivaldo,1.0
robério,1.0
robert,1.0
robson,1.0
rodoviárias,1.0
rodrigo,1.0
romerão,1.0
rosemira,1.0
rossi,1.0
rotas,1.0
rotativo,1.0
rotativos,1.0
roubado,1.0
rpps,1.0
ruamarisa,1.0
ruaoliveiros,1.0
rudival,1.0
ruia,1.0
ruídos,1.0
sab,1.0
sábado,1.0
saída,1.0
sal,1.0
salão,1.0
salas,1.0
salete,1.0
salles,1.0
salome,1.0
salva,1.0
salvador,1.0
samaritanos,1.0
sanfônica,1.0
sanitária,1.0
sanitárias,1.0
sansão,1.0
santa,1.0
santanna,1.0
santo,1.0
saraiva,1.0
sarmento,1.0
satélite,1.0
sátiro,1.0
saudável,1.0
saúdeisas,1.0
saudoso,1.0
seca,1.0
sedes,1.0
seguinte,1.0
seguintes,1.0
seguranças,1.0
seletivos,1.0
semanário,1.0
semas,1.0
sementes,1.0
semestralmente,1.0
semiárido,1.0
seminário,1.0
sêmio,1.0
sempre,1.0
semurbnos,1.0
sendo,1.0
senha,1.0
senhoras,1.0
separação,1.0
sepultamento,1.0
sequencial,1.0
serasa,1.0
seresta,1.0
sérgio,1.0
serrtotão,1.0
servido,1.0
servidora,1.0
servidoras,1.0
servir,1.0
sesmt,1.0
sesquicentário,1.0
setermbro,1.0
sétimo,1.0
setor,1.0
show,1.0
silas,1.0
silvabuchada,1.0
silvana,1.0
silvério,1.0
silvestre,1.0
simplificados,1.0
simultânea,1.0
sinaislibras,1.0
sindecpetropb,1.0
sindicalista,1.0
sindô,1.0
síndrome,1.0
sintepscg,1.0
siqueira,1.0
sistemas,1.0
site,1.0
sites,1.0
sítio,1.0
sítios,1.0
situadas,1.0
situado,1.0
situados,1.0
siva,1.0
sobra,1.0
socialfmfe,1.0
socioambiental,1.0
sócioeducativas,1.0
sol,1.0
soldado,1.0
solenes,1.0
soletração,1.0
solicita,1.0
solicitação,1.0
solicitadas,1.0
solicitado,1.0
somente,1.0
sonoros,1.0
spc,1.0
spencer,1.0
srwelingtom,1.0
stênio,1.0
sttp,1.0
subseção,1.0
subsídio,1.0
substância,1.0
substâncias,1.0
substitui,1.0
subterrânea,1.0
sue,1.0
sujeitas,1.0
superintendente,1.0
superitendência,1.0
supermercado,1.0
suprime,1.0
sus,1.0
sustentabilidade,1.0
sustentáveis,1.0
sustentávelcmdrs,1.0
tabagismo,1.0
tabaiana,1.0
tabela,1.0
tabelas,1.0
tacógrafos,1.0
tais,1.0
tambor,1.0
tan,1.0
tanque,1.0
tarcísio,1.0
tarradt,1.0
tasso,1.0
tatray,1.0
taveira,1.0
táxi,1.0
táximetro,1.0
taxista,1.0
teatroeneida,1.0
tecidos,1.0
tecnocientífico,1.0
tecnologias,1.0
têga,1.0
tejo,1.0
teleatedimento,1.0
telecentros,1.0
telefone,1.0
telefones,1.0
telefonia,1.0
telefônico,1.0
telefônicos,1.0
televisão,1.0
telhado,1.0
temas,1.0
temístocles,1.0
temporal,1.0
temporário,1.0
tenório,1.0
teodoro,1.0
ter,1.0
terçafeira,1.0
terceirização,1.0
terceiro,1.0
terço,1.0
tereza,1.0
termo,1.0
terra,1.0
térreos,1.0
território,1.0
tertuliana,1.0
tharsila,1.0
theobald,1.0
thoma,1.0
thomas,1.0
titão,1.0
tividades,1.0
tobias,1.0
tocante,1.0
tolerância,1.0
tomaz,1.0
tombado,1.0
ton,1.0
torcidas,1.0
tornar,1.0
totalmente,1.0
totens,1.0
tovar,1.0
tóxicos,1.0
trabalhadoras,1.0
trabalham,1.0
trabalharão,1.0
trabalhodora,1.0
trabalhos,1.0
tradução,1.0
trailers,1.0
tramitação,1.0
transações,1.0
transcurso,1.0
transforem,1.0
transforma,1.0
transformação,1.0
transformar,1.0
trânsitogietaos,1.0
transmissor,1.0
transmitidas,1.0
transplantados,1.0
transplante,1.0
transportecomdatt,1.0
trânstito,1.0
transtorno,1.0
transversais,1.0
transversal,1.0
travamento,1.0
triagem,1.0
tribunal,1.0
tribuno,1.0
tributária,1.0
tributárioe,1.0
trilingues,1.0
trimestralmente,1.0
trofeú,1.0
troibunal,1.0
trommelen,1.0
tronco,1.0
tropeiro,1.0
trotes,1.0
trouxe,1.0
turísticos,1.0
turno,1.0
tutelar,1.0
ubiratan,1.0
última,1.0
uniforme,1.0
uniformização,1.0
unimedcampina,1.0
universal,1.0
universidades,1.0
upavs,1.0
urbanas,1.0
urbanístico,1.0
urbanoiptu,1.0
urbanor,1.0
urnas,1.0
usadas,1.0
utensílios,1.0
útero,1.0
utilizado,1.0
utilizarem,1.0
vaga,1.0
valdeci,1.0
valdemar,1.0
valder,1.0
validador,1.0
vandalismo,1.0
vanja,1.0
vans,1.0
vãos,1.0
varanda,1.0
varejo,1.0
vaz,1.0
vazamanetos,1.0
veda,1.0
vedação,1.0
vegetação,1.0
vegetais,1.0
veiculação,1.0
veicular,1.0
veicularem,1.0
veìculos,1.0
vèiculos,1.0
velez,1.0
velhos,1.0
velloso,1.0
velocidade,1.0
velocidades,1.0
vencido,1.0
vendas,1.0
vendido,1.0
venício,1.0
verba,1.0
vereadorpresidente,1.0
vererador,1.0
veríssimo,1.0
vermelho,1.0
verônica,1.0
vertical,1.0
vestibular,1.0
vez,1.0
viadutos,1.0
viana,1.0
viário,1.0
vicência,1.0
vicepresidente,1.0
víctor,1.0
vidal,1.0
vidampv,1.0
vidas,1.0
vídeo,1.0
vierem,1.0
vigário,1.0
vigência,1.0
vigentes,1.0
vigilância,1.0
vigolvino,1.0
vilela,1.0
vinculado,1.0
violència,1.0
violento,1.0
virada,1.0
virtual,1.0
visa,1.0
visitação,1.0
visitantes,1.0
visitas,1.0
vistoria,1.0
visualização,1.0
vital,1.0
viveiro,1.0
viviane,1.0
vivos,1.0
vladimir,1.0
vocacionais,1.0
vocacional,1.0
voltadas,1.0
voluntários,1.0
voz,1.0
vulnerabilidade,1.0
wagner,1.0
waldemar,1.0
waldonys,1.0
walnyza,1.0
wanderlei,1.0
wandilson,1.0
wathy,1.0
willame,1.0
william,1.0
wilson,1.0
wrigth,1.0
xadrez,1.0
xícaras,1.0
xvi,1.0
xvii,1.0
xviii,1.0
xxi,1.0
xxiv,1.0
zacarias,1.0
zero,1.0
zizi,1.0
zoneamento,1.0
zuleide,1.0
